rank,prev_rank,name,league,off,def,spi
1,1,Bayern Munich,German Bundesliga,3.37,0.34,94.33
2,2,Manchester City,Barclays Premier League,3.05,0.33,92.85
3,3,Liverpool,Barclays Premier League,2.85,0.33,91.44
4,4,Barcelona,Spanish Primera Division,2.93,0.41,90.92
5,6,Paris Saint-Germain,French Ligue 1,2.94,0.48,89.8
6,5,Real Madrid,Spanish Primera Division,2.57,0.34,89.26
7,7,Atletico Madrid,Spanish Primera Division,2.38,0.34,87.47
8,10,Internazionale,Italy Serie A,2.65,0.66,84.16
9,11,RB Leipzig,German Bundesliga,2.45,0.55,84.13
10,9,Borussia Dortmund,German Bundesliga,2.4,0.53,84.04
11,8,Manchester United,Barclays Premier League,2.42,0.54,83.96
12,12,Chelsea,Barclays Premier League,2.46,0.58,83.65
13,13,Juventus,Italy Serie A,2.42,0.63,82.21
14,17,Leicester City,Barclays Premier League,2.27,0.56,81.71
15,16,Napoli,Italy Serie A,2.22,0.56,81.13
16,15,Sevilla FC,Spanish Primera Division,2.08,0.48,81.01
17,14,FC Salzburg,Austrian T-Mobile Bundesliga,2.85,1.0,80.35
18,19,Atalanta,Italy Serie A,2.4,0.73,79.97
19,18,AC Milan,Italy Serie A,2.25,0.64,79.82
20,21,Tottenham Hotspur,Barclays Premier League,2.2,0.65,78.87
21,25,Zenit St Petersburg,Russian Premier Liga,2.17,0.64,78.74
22,20,Arsenal,Barclays Premier League,2.18,0.65,78.69
23,23,Bayer Leverkusen,German Bundesliga,2.15,0.64,78.25
24,27,Real Sociedad,Spanish Primera Division,1.97,0.54,77.94
25,29,Benfica,Portuguese Liga,2.26,0.77,77.02
26,30,Everton,Barclays Premier League,2.05,0.65,76.6
27,32,FC Porto,Portuguese Liga,2.14,0.72,76.53
28,24,Borussia Monchengladbach,German Bundesliga,2.17,0.74,76.51
29,22,Wolverhampton,Barclays Premier League,1.88,0.56,76.14
30,31,Lyon,French Ligue 1,1.96,0.62,75.95
31,34,AS Roma,Italy Serie A,2.17,0.78,75.65
32,35,Getafe,Spanish Primera Division,1.74,0.48,75.64
33,28,Villarreal,Spanish Primera Division,2.14,0.76,75.43
34,33,Olympiacos,Greek Super League,2.05,0.71,75.22
35,26,Ajax,Dutch Eredivisie,2.39,0.95,75.14
36,41,Shakhtar Donetsk,UEFA Europa League,2.41,0.97,75.09
37,39,TSG Hoffenheim,German Bundesliga,2.33,0.92,74.83
38,38,VfL Wolfsburg,German Bundesliga,1.9,0.73,72.23
39,40,Lazio,Italy Serie A,2.06,0.86,72.09
40,44,Eintracht Frankfurt,German Bundesliga,2.08,0.88,71.81
41,42,Southampton,Barclays Premier League,1.95,0.79,71.66
42,46,Brighton and Hove Albion,Barclays Premier League,1.89,0.76,71.45
43,54,West Ham United,Barclays Premier League,2.02,0.86,71.38
44,36,Granada,Spanish Primera Division,1.9,0.77,71.33
45,45,Lille,French Ligue 1,1.76,0.67,71.19
46,37,Real Betis,Spanish Primera Division,1.93,0.8,71.13
47,43,Celta Vigo,Spanish Primera Division,1.78,0.7,70.81
48,47,Fiorentina,Italy Serie A,1.91,0.82,70.33
49,48,Flamengo,Brasileiro Série A,1.93,0.85,70.01
50,53,Burnley,Barclays Premier League,1.8,0.78,69.05
51,58,Aston Villa,Barclays Premier League,1.83,0.81,69.04
52,56,Celtic,Scottish Premiership,2.19,1.09,68.97
53,50,Club Brugge,Belgian Jupiler League,1.94,0.91,68.84
54,57,Athletic Bilbao,Spanish Primera Division,1.71,0.73,68.78
55,49,Crystal Palace,Barclays Premier League,1.76,0.77,68.75
56,60,Stade Rennes,French Ligue 1,1.72,0.75,68.66
57,55,Young Boys,Swiss Raiffeisen Super League,2.09,1.04,68.39
58,52,Hertha Berlin,German Bundesliga,1.94,0.92,68.37
59,67,Levante,Spanish Primera Division,1.9,0.93,67.57
60,51,Osasuna,Spanish Primera Division,1.74,0.81,67.33
61,64,Dynamo Kiev,UEFA Europa League,1.97,1.01,67.02
62,63,Valencia,Spanish Primera Division,1.83,0.9,67.01
63,62,AS Monaco,French Ligue 1,1.95,0.99,66.95
64,59,Sheffield United,Barclays Premier League,1.67,0.77,66.93
65,70,Sassuolo,Italy Serie A,1.97,1.02,66.58
66,61,CSKA Moscow,Russian Premier Liga,1.71,0.84,66.12
67,65,Eibar,Spanish Primera Division,1.63,0.79,65.64
68,69,River Plate,Argentina Primera Division,1.74,0.88,65.48
69,73,Real Valladolid,Spanish Primera Division,1.57,0.75,65.35
70,68,Palmeiras,Brasileiro Série A,1.59,0.77,65.29
71,72,Marseille,French Ligue 1,1.73,0.89,65.03
72,74,FC Krasnodar,Russian Premier Liga,1.72,0.9,64.82
73,78,SC Freiburg,German Bundesliga,1.9,1.05,64.77
74,66,Grêmio,Brasileiro Série A,1.67,0.86,64.7
75,76,Cadiz,Spanish Primera Division,1.65,0.85,64.51
76,82,FC Cologne,German Bundesliga,1.88,1.05,64.39
77,85,Werder Bremen,German Bundesliga,1.83,1.01,64.29
78,81,Leeds United,Barclays Premier League,1.8,0.98,64.26
79,75,Newcastle,Barclays Premier League,1.7,0.9,64.22
80,86,FC Augsburg,German Bundesliga,1.75,0.96,63.91
81,80,Watford,English League Championship,1.72,0.94,63.68
82,77,PSV,Dutch Eredivisie,1.91,1.1,63.67
83,96,VfB Stuttgart,German Bundesliga,1.77,0.99,63.58
84,91,SD Huesca,Spanish Primera Division,1.63,0.87,63.54
85,83,AFC Bournemouth,English League Championship,1.78,1.0,63.38
86,92,Brentford,English League Championship,1.63,0.92,62.33
87,89,Kawasaki Frontale,Japanese J League,2.0,1.24,62.27
88,88,Alavés,Spanish Primera Division,1.6,0.9,62.26
89,90,Montpellier,French Ligue 1,1.7,0.99,62.19
90,97,Espanyol,Spanish Segunda Division,1.69,0.98,62.03
91,94,Guangzhou Evergrande,Chinese Super League,1.87,1.15,61.79
92,99,1. FC Union Berlin,German Bundesliga,1.67,0.98,61.78
93,105,Spartak Moscow,Russian Premier Liga,1.58,0.91,61.67
94,79,Mainz,German Bundesliga,1.84,1.14,61.42
95,119,Rangers,Scottish Premiership,1.73,1.05,61.23
96,104,Lens,French Ligue 1,1.64,0.98,61.16
97,98,Udinese,Italy Serie A,1.58,0.93,61.16
98,87,Elche,Spanish Primera Division,1.63,0.99,60.76
99,113,Sporting CP,Portuguese Liga,1.57,0.93,60.73
100,115,Lokomotiv Moscow,Russian Premier Liga,1.46,0.84,60.64
101,103,Trabzonspor,Turkish Turkcell Super Lig,1.93,1.25,60.56
102,102,PAOK Salonika,Greek Super League,1.46,0.85,60.44
103,106,Boca Juniors,Argentina Primera Division,1.47,0.87,60.25
104,107,AEK Athens,Greek Super League,1.53,0.92,60.22
105,95,AZ,Dutch Eredivisie,1.82,1.17,60.22
106,93,Fulham,Barclays Premier League,1.67,1.06,59.94
107,112,Norwich City,English League Championship,1.68,1.07,59.89
108,111,Braga,Portuguese Liga,1.71,1.1,59.77
109,120,Bologna,Italy Serie A,1.68,1.07,59.71
110,100,Basel,Swiss Raiffeisen Super League,1.82,1.2,59.62
111,109,Galatasaray,Turkish Turkcell Super Lig,1.72,1.12,59.45
112,116,Bordeaux,French Ligue 1,1.43,0.87,59.16
113,101,Sampdoria,Italy Serie A,1.69,1.11,59.04
114,134,Atletico Mineiro,Brasileiro Série A,1.63,1.06,58.86
115,122,Ludogorets,UEFA Europa League,1.65,1.08,58.74
116,114,Nantes,French Ligue 1,1.5,0.95,58.72
117,118,Arminia Bielefeld,German Bundesliga,1.56,1.01,58.7
118,117,Verona,Italy Serie A,1.59,1.03,58.63
119,110,Internacional,Brasileiro Série A,1.39,0.86,58.53
120,135,São Paulo,Brasileiro Série A,1.41,0.88,58.52
121,108,Schalke 04,German Bundesliga,1.67,1.12,58.46
122,127,West Bromwich Albion,Barclays Premier League,1.65,1.09,58.44
123,125,Shanghai SIPG,Chinese Super League,1.69,1.13,58.37
124,126,Beijing Guoan,Chinese Super League,1.76,1.21,58.34
125,130,Strasbourg,French Ligue 1,1.52,0.99,58.22
126,139,LASK Linz,Austrian T-Mobile Bundesliga,1.7,1.16,58.06
127,121,Angers,French Ligue 1,1.46,0.94,58.05
128,129,FC Midtjylland,Danish SAS-Ligaen,1.64,1.11,57.95
129,132,Bodo/Glimt,Norwegian Tippeligaen,2.19,1.62,57.88
130,128,Feyenoord,Dutch Eredivisie,1.88,1.33,57.87
131,124,Torino,Italy Serie A,1.64,1.13,57.44
132,138,Nice,French Ligue 1,1.54,1.05,57.2
133,133,Sporting de Charleroi,Belgian Jupiler League,1.55,1.07,57.05
134,143,Brest,French Ligue 1,1.65,1.17,56.71
135,145,Tigres UANL,Mexican Primera Division Torneo Apertura,1.53,1.06,56.62
136,131,St Etienne,French Ligue 1,1.47,1.02,56.4
137,144,Apoel Nicosia,UEFA Europa League,1.55,1.11,56.09
138,147,Cruz Azul,Mexican Primera Division Torneo Apertura,1.6,1.16,55.94
139,137,Anderlecht,Belgian Jupiler League,1.63,1.19,55.85
140,150,Metz,French Ligue 1,1.39,0.97,55.85
141,140,Cagliari,Italy Serie A,1.53,1.1,55.76
142,123,Besiktas,Turkish Turkcell Super Lig,1.76,1.31,55.73
143,146,Santos,Brasileiro Série A,1.4,0.98,55.61
144,142,Parma,Italy Serie A,1.64,1.22,55.17
145,155,Rapid Vienna,Austrian T-Mobile Bundesliga,1.72,1.31,55.16
146,148,Nimes,French Ligue 1,1.53,1.13,55.08
147,154,León,Mexican Primera Division Torneo Apertura,1.52,1.12,54.94
148,159,Guimaraes,Portuguese Liga,1.4,1.01,54.9
149,136,Genoa,Italy Serie A,1.63,1.23,54.87
150,156,Benevento,Italy Serie A,1.55,1.17,54.71
151,149,Reims,French Ligue 1,1.34,0.98,54.24
152,158,Ferencvaros,UEFA Europa League,1.59,1.22,54.14
153,153,FC Copenhagen,Danish SAS-Ligaen,1.63,1.27,54.08
154,161,Fenerbahce,Turkish Turkcell Super Lig,1.55,1.2,53.73
155,176,Malmo FF,Swedish Allsvenskan,1.57,1.22,53.72
156,157,Monterrey,Mexican Primera Division Torneo Apertura,1.58,1.24,53.57
157,170,Stoke City,English League Championship,1.43,1.11,53.34
158,164,Velez Sarsfield,Argentina Primera Division,1.22,0.9,53.34
159,151,KAA Gent,Belgian Jupiler League,1.59,1.28,52.92
160,160,Rio Ave,Portuguese Liga,1.38,1.07,52.79
161,152,Istanbul Basaksehir,Turkish Turkcell Super Lig,1.52,1.22,52.75
162,165,Atlético Paranaense,Brasileiro Série A,1.21,0.91,52.75
163,167,FK Partizan Belgrade,UEFA Europa League,1.51,1.21,52.7
164,186,Swansea City,English League Championship,1.41,1.12,52.51
165,169,FK Qarabag,UEFA Europa League,1.44,1.16,52.29
166,163,Los Angeles FC,Major League Soccer,1.81,1.53,51.99
167,166,Spezia,Italy Serie A,1.46,1.19,51.98
168,171,Lorient,French Ligue 1,1.47,1.2,51.97
169,192,Blackburn,English League Championship,1.5,1.23,51.96
170,174,Defensa y Justicia,Argentina Primera Division,1.28,1.02,51.81
171,185,Fluminense,Brasileiro Série A,1.29,1.04,51.57
172,198,Vitesse,Dutch Eredivisie,1.62,1.37,51.49
173,173,Crotone,Italy Serie A,1.43,1.19,51.42
174,168,Wolfsberger AC,Austrian T-Mobile Bundesliga,1.57,1.32,51.39
175,175,Alanyaspor,Turkish Turkcell Super Lig,1.47,1.22,51.38
176,162,Molde,Norwegian Tippeligaen,1.84,1.6,51.28
177,177,Jiangsu Suning FC,Chinese Super League,1.5,1.26,51.28
178,178,Sochi,Russian Premier Liga,1.36,1.12,51.19
179,172,Standard Liege,Belgian Jupiler League,1.42,1.19,51.03
180,191,Rostov,Russian Premier Liga,1.32,1.1,50.95
181,180,CFR 1907 Cluj,UEFA Europa League,1.49,1.27,50.79
182,182,Santos Laguna,Mexican Primera Division Torneo Apertura,1.47,1.25,50.74
183,188,Pachuca,Mexican Primera Division Torneo Apertura,1.3,1.09,50.68
184,183,FC Astana,UEFA Europa League,1.54,1.33,50.65
185,189,FC Utrecht,Dutch Eredivisie,1.65,1.45,50.57
186,195,Bristol City,English League Championship,1.42,1.22,50.43
187,201,Rubin Kazan,Russian Premier Liga,1.21,1.01,50.31
188,184,Cardiff City,English League Championship,1.38,1.2,49.96
189,179,Dinamo Moscow,Russian Premier Liga,1.1,0.9,49.94
190,190,Brondby,Danish SAS-Ligaen,1.49,1.31,49.85
191,194,Shandong Luneng,Chinese Super League,1.6,1.43,49.81
192,181,Genk,Belgian Jupiler League,1.65,1.49,49.66
193,193,Club América,Mexican Primera Division Torneo Apertura,1.45,1.29,49.61
194,197,CA Independiente,Argentina Primera Division,1.2,1.04,49.46
195,187,Fortuna Düsseldorf,German 2. Bundesliga,1.53,1.37,49.41
196,204,St Gallen,Swiss Raiffeisen Super League,1.64,1.51,49.07
197,208,Hamburg SV,German 2. Bundesliga,1.58,1.44,49.06
198,196,Corinthians,Brasileiro Série A,1.29,1.15,48.95
199,214,AGF Aarhus,Danish SAS-Ligaen,1.57,1.45,48.69
200,203,Dijon FCO,French Ligue 1,1.35,1.23,48.62
201,202,Newell's Old Boys,Argentina Primera Division,1.24,1.11,48.58
202,210,Seattle Sounders FC,Major League Soccer,1.5,1.38,48.53
203,206,Toronto FC,Major League Soccer,1.54,1.43,48.48
204,222,Antwerp,Belgian Jupiler League,1.42,1.31,48.48
205,205,Racing Club,Argentina Primera Division,1.18,1.06,48.4
206,199,Preston North End,English League Championship,1.27,1.16,48.14
207,200,Vasco da Gama,Brasileiro Série A,1.26,1.15,48.06
208,212,Fortaleza,Brasileiro Série A,1.15,1.04,48.05
209,219,Bragantino,Brasileiro Série A,1.36,1.26,48.03
210,217,Bahía,Brasileiro Série A,1.31,1.21,47.94
211,211,Guadalajara,Mexican Primera Division Torneo Apertura,1.28,1.2,47.6
212,215,Panathinaikos,Greek Super League,1.08,0.98,47.54
213,213,Millwall,English League Championship,1.27,1.19,47.45
214,209,Middlesbrough,English League Championship,1.3,1.23,47.35
215,207,FC Arsenal Tula,Russian Premier Liga,1.4,1.33,47.22
216,216,Philadelphia Union,Major League Soccer,1.43,1.37,47.16
217,220,Santa Clara,Portuguese Liga,1.29,1.23,47.12
218,223,Yokohama F. Marinos,Japanese J League,1.63,1.58,47.05
219,228,New York City FC,Major League Soccer,1.36,1.31,46.88
220,226,Toulouse,French Ligue 2,1.44,1.4,46.83
221,218,Rosenborg,Norwegian Tippeligaen,1.55,1.52,46.72
222,227,Reading,English League Championship,1.28,1.24,46.54
223,232,Huddersfield Town,English League Championship,1.26,1.23,46.4
224,225,Morelia,Mexican Primera Division Torneo Clausura,1.43,1.42,46.04
225,221,Sheffield Wednesday,English League Championship,1.27,1.25,45.98
226,229,PFC Oleksandriya,UEFA Europa League,1.33,1.33,45.69
227,230,Lanus,Argentina Primera Division,1.28,1.27,45.68
228,224,Ceará,Brasileiro Série A,1.2,1.19,45.6
229,239,Queens Park Rangers,English League Championship,1.41,1.43,45.58
230,242,Portimonense,Portuguese Liga,1.19,1.21,45.11
231,253,FC Nordsjaelland,Danish SAS-Ligaen,1.47,1.51,45.09
232,236,Barnsley,English League Championship,1.17,1.19,44.87
233,237,Talleres de Córdoba,Argentina Primera Division,1.21,1.23,44.82
234,233,Birmingham,English League Championship,1.27,1.31,44.74
235,241,Slovan Bratislava,UEFA Europa League,1.26,1.3,44.65
236,250,Famalicao,Portuguese Liga,1.28,1.33,44.48
237,247,Pumas Unam,Mexican Primera Division Torneo Apertura,1.27,1.33,44.32
238,246,FC Lugano,Swiss Raiffeisen Super League,1.34,1.41,44.19
239,231,Hannover 96,German 2. Bundesliga,1.34,1.41,44.17
240,249,Willem II,Dutch Eredivisie,1.44,1.52,44.11
241,258,IFK Norrkoping,Swedish Allsvenskan,1.58,1.68,43.96
242,234,Nottingham Forest,English League Championship,1.23,1.3,43.94
243,252,Aris Salonika,Greek Super League,1.32,1.4,43.8
244,248,Gil Vicente,Portuguese Liga,1.21,1.28,43.8
245,245,Sivasspor,Turkish Turkcell Super Lig,1.27,1.35,43.77
246,256,Atlético Goianiense,Brasileiro Série A,1.17,1.23,43.76
247,244,Amiens,French Ligue 2,1.19,1.26,43.75
248,243,Pacos Ferreira,Portuguese Liga,1.24,1.32,43.61
249,255,Columbus Crew,Major League Soccer,1.2,1.28,43.51
250,274,Terek Grozny,Russian Premier Liga,1.15,1.23,43.47
251,260,Tondela,Portuguese Liga,1.2,1.29,43.24
252,240,Ural Sverdlovsk Oblast,Russian Premier Liga,1.17,1.27,43.21
253,257,Sport Recife,Brasileiro Série A,1.16,1.26,43.11
254,235,Derby County,English League Championship,1.29,1.4,43.05
255,259,Argentinos Juniors,Argentina Primera Division,1.0,1.08,42.87
256,262,Tijuana,Mexican Primera Division Torneo Apertura,1.21,1.32,42.85
257,251,Moreirense,Portuguese Liga,1.21,1.32,42.83
258,269,Inter Miami CF,Major League Soccer,1.29,1.41,42.79
259,261,Rosario Central,Argentina Primera Division,1.15,1.27,42.73
260,265,Estudiantes,Argentina Primera Division,1.0,1.1,42.6
261,277,Chicago Fire,Major League Soccer,1.46,1.62,42.58
262,271,C.D. Nacional,Portuguese Liga,1.27,1.4,42.55
263,270,Botafogo,Brasileiro Série A,1.16,1.29,42.46
264,267,Monza,Italy Serie B,1.33,1.48,42.42
265,281,Heracles,Dutch Eredivisie,1.35,1.51,42.28
266,238,Kashima Antlers,Japanese J League,1.27,1.42,42.24
267,254,FC Tambov,Russian Premier Liga,1.14,1.28,42.24
268,272,Cerezo Osaka,Japanese J League,1.1,1.23,42.19
269,276,Heerenveen,Dutch Eredivisie,1.45,1.64,42.1
270,263,Los Angeles Galaxy,Major League Soccer,1.49,1.68,41.89
271,280,Arsenal Sarandi,Argentina Primera Division,1.28,1.45,41.78
272,333,Konyaspor,Turkish Turkcell Super Lig,1.24,1.41,41.62
273,298,Servette,Swiss Raiffeisen Super League,1.36,1.56,41.48
274,285,Tianjin Teda,Chinese Super League,1.28,1.47,41.44
275,279,Maritimo,Portuguese Liga,1.13,1.29,41.44
276,268,Djurgardens IF,Swedish Allsvenskan,1.22,1.4,41.41
277,286,Colorado Rapids,Major League Soccer,1.43,1.64,41.4
278,282,FC Groningen,Dutch Eredivisie,1.11,1.27,41.39
279,273,Kasimpasa,Turkish Turkcell Super Lig,1.29,1.49,41.38
280,294,Orlando City SC,Major League Soccer,1.34,1.54,41.3
281,287,Atlético Tucumán,Argentina Primera Division,1.07,1.24,41.23
282,289,Sporting Kansas City,Major League Soccer,1.38,1.6,41.18
283,293,San Lorenzo,Argentina Primera Division,1.14,1.33,40.96
284,321,New England Revolution,Major League Soccer,1.26,1.47,40.85
285,299,Querétaro,Mexican Primera Division Torneo Apertura,1.22,1.43,40.82
286,297,Mallorca,Spanish Segunda Division,1.09,1.28,40.82
287,278,FK Austria Vienna,Austrian T-Mobile Bundesliga,1.27,1.49,40.81
288,291,SC Farense,Portuguese Liga,1.19,1.4,40.81
289,306,Hammarby,Swedish Allsvenskan,1.5,1.76,40.77
290,311,Leganes,Spanish Segunda Division,1.18,1.39,40.74
291,292,Goztepe,Turkish Turkcell Super Lig,1.32,1.55,40.74
292,264,AaB,Danish SAS-Ligaen,1.16,1.37,40.66
293,310,Hull City,English League One,1.25,1.48,40.64
294,304,Antalyaspor,Turkish Turkcell Super Lig,1.17,1.38,40.52
295,314,Goiás,Brasileiro Série A,1.23,1.46,40.47
296,309,Gazisehir Gaziantep,Turkish Turkcell Super Lig,1.29,1.53,40.36
297,301,Patronato,Argentina Primera Division,1.2,1.43,40.35
298,308,Luton Town,English League Championship,1.13,1.35,40.32
299,303,Gimnasia La Plata,Argentina Primera Division,0.98,1.17,40.3
300,266,Arizona United,United Soccer League,1.56,1.85,40.23
301,307,Coventry City,English League Championship,1.17,1.41,40.15
302,317,Rotherham United,English League Championship,1.13,1.37,40.0
303,302,FC Luzern,Swiss Raiffeisen Super League,1.29,1.56,39.89
304,338,PEC Zwolle,Dutch Eredivisie,1.35,1.63,39.83
305,288,Boavista,Portuguese Liga,1.08,1.31,39.76
306,296,Coritiba,Brasileiro Série A,1.06,1.29,39.7
307,313,Banfield,Argentina Primera Division,0.98,1.2,39.66
308,305,Belenenses,Portuguese Liga,1.04,1.28,39.61
309,339,Almeria,Spanish Segunda Division,1.11,1.36,39.54
310,283,FC Ufa,Russian Premier Liga,0.93,1.15,39.48
311,331,New York Red Bulls,Major League Soccer,1.31,1.6,39.43
312,275,Rayo Vallecano,Spanish Segunda Division,1.21,1.49,39.38
313,316,Minnesota United FC,Major League Soccer,1.32,1.63,39.25
314,315,SC Paderborn,German 2. Bundesliga,1.27,1.57,39.23
315,300,Brescia,Italy Serie B,1.24,1.53,39.21
316,290,BK Hacken,Swedish Allsvenskan,1.15,1.43,39.19
317,360,Vissel Kobe,Japanese J League,1.44,1.76,39.17
318,320,Union Santa Fe,Argentina Primera Division,1.0,1.25,39.16
319,295,Girona FC,Spanish Segunda Division,1.05,1.31,39.15
320,322,Asteras Tripolis,Greek Super League,1.04,1.3,39.02
321,325,Necaxa,Mexican Primera Division Torneo Apertura,1.1,1.38,38.81
322,284,FC Tokyo,Japanese J League,1.16,1.45,38.74
323,319,FC Juárez,Mexican Primera Division Torneo Apertura,1.09,1.37,38.7
324,326,Shanghai Greenland,Chinese Super League,1.34,1.68,38.68
325,329,Portland Timbers,Major League Soccer,1.4,1.75,38.67
326,318,FC Dallas,Major League Soccer,1.23,1.55,38.59
327,330,Henan Jianye,Chinese Super League,1.25,1.57,38.55
328,350,KV Mechelen,Belgian Jupiler League,1.24,1.56,38.51
329,334,SK Sturm Graz,Austrian T-Mobile Bundesliga,1.17,1.49,38.39
330,328,Atlético San Luis,Mexican Primera Division Torneo Apertura,1.15,1.47,38.3
331,323,Spal,Italy Serie B,1.19,1.52,38.26
332,312,KV Kortrijk,Belgian Jupiler League,1.19,1.52,38.16
333,335,Hebei China Fortune FC,Chinese Super League,1.29,1.65,38.14
334,327,Odense BK,Danish SAS-Ligaen,1.23,1.57,38.13
335,336,Mamelodi Sundowns,South African ABSA Premier League,0.98,1.26,38.09
336,345,FC Twente,Dutch Eredivisie,1.25,1.6,38.07
337,340,Huracán,Argentina Primera Division,0.95,1.24,37.93
338,349,Troyes,French Ligue 2,1.03,1.34,37.9
339,324,Sanfrecce Hiroshima,Japanese J League,1.07,1.39,37.89
340,365,Sporting Gijón,Spanish Segunda Division,0.9,1.18,37.76
341,343,Wuhan Zall,Chinese Super League,1.17,1.53,37.62
342,337,Atlanta United FC,Major League Soccer,1.15,1.51,37.45
343,342,Toluca,Mexican Primera Division Torneo Apertura,1.22,1.6,37.28
344,352,Atromitos,Greek Super League,1.0,1.33,37.25
345,356,Atlas,Mexican Primera Division Torneo Apertura,1.01,1.35,37.23
346,347,Hartberg,Austrian T-Mobile Bundesliga,1.32,1.73,37.2
347,353,Central Córdoba Santiago del Estero,Argentina Primera Division,1.0,1.34,37.16
348,346,St. Pölten,Austrian T-Mobile Bundesliga,1.19,1.58,37.12
349,355,FC Sion,Swiss Raiffeisen Super League,1.03,1.38,36.99
350,371,Gamba Osaka,Japanese J League,1.17,1.56,36.96
351,370,FC Khimki,Russian Premier Liga,1.16,1.55,36.89
352,354,Randers FC,Danish SAS-Ligaen,1.14,1.53,36.78
353,368,Houston Dynamo,Major League Soccer,1.27,1.7,36.74
354,369,1. FC Nürnberg,German 2. Bundesliga,1.12,1.51,36.72
355,358,Dalian Aerbin,Chinese Super League,1.29,1.73,36.66
356,341,Kashiwa Reysol,Japanese J League,1.23,1.65,36.66
357,332,Sparta,Dutch Eredivisie,1.25,1.67,36.65
358,344,Caen,French Ligue 2,1.01,1.37,36.64
359,364,Guingamp,French Ligue 2,1.1,1.5,36.54
360,361,Kaizer Chiefs,South African ABSA Premier League,1.01,1.39,36.44
361,359,KFCO Beerschot-Wilrijk,Belgian Jupiler League,1.23,1.66,36.43
362,362,Sunderland,English League One,1.05,1.44,36.38
363,367,Fuenlabrada,Spanish Segunda Division,1.0,1.38,36.32
364,366,Las Palmas,Spanish Segunda Division,1.07,1.47,36.25
365,375,Hatayspor,Turkish Turkcell Super Lig,1.04,1.44,36.21
366,363,Puebla,Mexican Primera Division Torneo Apertura,1.07,1.48,36.02
367,357,SV Sandhausen,German 2. Bundesliga,1.19,1.64,35.99
368,393,SV Zulte Waregem,Belgian Jupiler League,1.25,1.71,35.93
369,373,FC Zurich,Swiss Raiffeisen Super League,1.27,1.73,35.92
370,351,FK Volgograd,Russian Premier Liga,1.07,1.49,35.83
371,402,Fatih Karagümrük,Turkish Turkcell Super Lig,1.11,1.55,35.79
372,377,Real Salt Lake,Major League Soccer,1.08,1.5,35.77
373,382,Málaga,Spanish Segunda Division,0.79,1.14,35.64
374,386,Lausanne Sports,Swiss Raiffeisen Super League,1.14,1.59,35.63
375,376,SV Ried,Austrian T-Mobile Bundesliga,1.16,1.62,35.63
376,383,Holstein Kiel,German 2. Bundesliga,1.18,1.64,35.58
377,385,Mouscron-Peruwelz,Belgian Jupiler League,1.03,1.45,35.45
378,379,Melbourne City,Australian A-League,1.17,1.64,35.39
379,396,Eupen,Belgian Jupiler League,1.1,1.55,35.33
380,380,Nagoya Grampus Eight,Japanese J League,1.09,1.54,35.33
381,348,Cashpoint SC Rheindorf Altach,Austrian T-Mobile Bundesliga,1.09,1.55,35.27
382,397,Le Havre,French Ligue 2,0.95,1.37,35.2
383,381,Sydney FC,Australian A-League,1.12,1.58,35.2
384,389,Odd BK,Norwegian Tippeligaen,1.29,1.81,35.16
385,378,SV Darmstadt 98,German 2. Bundesliga,1.1,1.57,35.15
386,384,F91 Dudelange,UEFA Europa League,1.4,1.94,35.14
387,400,Cercle Brugge,Belgian Jupiler League,1.1,1.57,35.06
388,388,OFI Crete,Greek Super League,1.06,1.52,34.85
389,391,Chongqing Lifan,Chinese Super League,1.08,1.56,34.78
390,420,OH Leuven,Belgian Jupiler League,1.15,1.65,34.62
391,372,Hibernian,Scottish Premiership,1.08,1.58,34.49
392,399,Caykur Rizespor,Turkish Turkcell Super Lig,1.11,1.61,34.47
393,390,1. FC Heidenheim 1846,German 2. Bundesliga,1.08,1.58,34.38
394,387,Clermont Foot,French Ligue 2,0.88,1.33,34.17
395,392,IF Elfsborg,Swedish Allsvenskan,1.14,1.67,34.15
396,406,Viking FK,Norwegian Tippeligaen,1.38,1.98,33.93
397,404,Guangzhou RF,Chinese Super League,1.44,2.07,33.73
398,405,Orlando Pirates,South African ABSA Premier League,0.98,1.48,33.73
399,374,Wycombe Wanderers,English League Championship,1.06,1.58,33.72
400,424,Erzurumspor,Turkish Turkcell Super Lig,1.08,1.61,33.71
401,398,Kristiansund BK,Norwegian Tippeligaen,1.29,1.88,33.69
402,407,Aldosivi,Argentina Primera Division,0.86,1.33,33.63
403,403,Emmen,Dutch Eredivisie,1.2,1.78,33.6
404,409,AIK,Swedish Allsvenskan,0.91,1.4,33.51
405,408,Tianjin Quanujian,Chinese Super League,1.16,1.73,33.51
406,418,KV Oostende,Belgian Jupiler League,1.08,1.62,33.47
407,401,AD Alcorcon,Spanish Segunda Division,0.93,1.43,33.41
408,394,Tenerife,Spanish Segunda Division,0.94,1.45,33.38
409,437,Aberdeen,Scottish Premiership,0.98,1.5,33.37
410,395,St. Truidense,Belgian Jupiler League,1.08,1.64,33.3
411,417,Ipswich Town,English League One,0.98,1.51,33.21
412,412,Real Zaragoza,Spanish Segunda Division,1.06,1.63,33.11
413,411,VVV Venlo,Dutch Eredivisie,1.15,1.75,32.92
414,414,Yeni Malatyaspor,Turkish Turkcell Super Lig,1.05,1.63,32.75
415,428,Vejle,Danish SAS-Ligaen,1.13,1.74,32.67
416,416,Shenzhen FC,Chinese Super League,1.19,1.81,32.64
417,423,Valenciennes,French Ligue 2,0.84,1.35,32.55
418,421,SpVgg Greuther Fürth,German 2. Bundesliga,1.03,1.61,32.5
419,433,Karlsruher SC,German 2. Bundesliga,1.03,1.63,32.25
420,441,San Jose Earthquakes,Major League Soccer,1.25,1.92,32.23
421,438,VfL Osnabruck,German 2. Bundesliga,1.08,1.69,32.21
422,413,VfL Bochum,German 2. Bundesliga,1.05,1.66,32.09
423,443,Mirandes,Spanish Segunda Division,0.99,1.58,32.09
424,459,Sonderjyske,Danish SAS-Ligaen,1.07,1.7,31.95
425,425,Perth Glory,Australian A-League,1.09,1.72,31.9
426,429,Newcastle Jets,Australian A-League,1.11,1.76,31.86
427,454,Fortuna Sittard,Dutch Eredivisie,1.18,1.84,31.84
428,465,SD Ponferradina,Spanish Segunda Division,0.92,1.5,31.77
429,430,Empoli,Italy Serie B,1.06,1.69,31.74
430,415,Real Oviedo,Spanish Segunda Division,0.87,1.44,31.65
431,435,Louisville City FC,United Soccer League,1.07,1.71,31.55
432,442,ADO Den Haag,Dutch Eredivisie,1.15,1.83,31.48
433,422,Nashville SC,Major League Soccer,0.91,1.5,31.41
434,410,Pittsburgh Riverhounds,United Soccer League,0.98,1.6,31.39
435,439,Castellon,Spanish Segunda Division,0.98,1.61,31.26
436,436,Genclerbirligi,Turkish Turkcell Super Lig,0.93,1.55,31.26
437,427,Grenoble,French Ligue 2,0.93,1.55,31.23
438,426,FC Vaduz,Swiss Raiffeisen Super League,0.98,1.62,31.19
439,449,Ankaragucu,Turkish Turkcell Super Lig,0.93,1.57,30.86
440,431,Valerenga,Norwegian Tippeligaen,1.05,1.74,30.82
441,448,AC Ajaccio,French Ligue 2,0.8,1.39,30.68
442,474,WSG Swarovski Wattens,Austrian T-Mobile Bundesliga,1.06,1.76,30.62
443,450,Jahn Regensburg,German 2. Bundesliga,1.03,1.72,30.62
444,419,Kayserispor,Turkish Turkcell Super Lig,1.07,1.78,30.59
445,446,CD Sabadell,Spanish Segunda Division,0.96,1.64,30.3
446,455,Wellington Phoenix,Australian A-League,1.1,1.83,30.17
447,432,Reno 1868 FC,United Soccer League,1.25,2.04,30.16
448,452,Logrones,Spanish Segunda Division,0.94,1.63,30.1
449,456,Panetolikos,Greek Super League,0.86,1.51,30.07
450,434,San Antonio FC,United Soccer League,1.13,1.88,30.01
451,458,Colon Santa Fe,Argentina Primera Division,0.83,1.48,29.95
452,444,Lecce,Italy Serie B,0.96,1.66,29.93
453,468,Kilmarnock,Scottish Premiership,0.94,1.63,29.91
454,451,Erzgebirge Aue,German 2. Bundesliga,0.95,1.65,29.85
455,447,FC Cartagena,Spanish Segunda Division,0.93,1.63,29.81
456,461,Godoy Cruz,Argentina Primera Division,0.94,1.64,29.76
457,469,FC St. Pauli,German 2. Bundesliga,1.06,1.8,29.73
458,463,Paris FC,French Ligue 2,0.88,1.56,29.66
459,464,Mazatlán FC,Mexican Primera Division Torneo Apertura,0.93,1.63,29.66
460,462,SuperSport United,South African ABSA Premier League,0.81,1.46,29.64
461,453,IK Sirius,Swedish Allsvenskan,1.14,1.93,29.63
462,457,Auxerre,French Ligue 2,0.86,1.54,29.42
463,466,Adelaide United,Australian A-League,1.22,2.05,29.37
464,470,Sochaux,French Ligue 2,0.84,1.52,29.3
465,445,Lugo,Spanish Segunda Division,0.86,1.56,29.25
466,467,RKC,Dutch Eredivisie,1.04,1.82,29.1
467,460,AS Nancy Lorraine,French Ligue 2,0.77,1.45,28.81
468,471,Denizlispor,Turkish Turkcell Super Lig,0.86,1.58,28.77
469,477,Tampa Bay Rowdies,United Soccer League,0.87,1.6,28.65
470,440,Urawa Red Diamonds,Japanese J League,1.01,1.81,28.48
471,478,Bidvest Wits,South African ABSA Premier League,0.74,1.44,28.42
472,479,Frosinone,Italy Serie B,0.86,1.6,28.39
473,489,Livingston,Scottish Premiership,0.96,1.75,28.36
474,472,Albacete,Spanish Segunda Division,0.75,1.45,28.31
475,480,Larissa,Greek Super League,0.7,1.38,28.18
476,473,Peterborough United,English League One,0.97,1.79,27.86
477,482,IFK Goteborg,Swedish Allsvenskan,0.92,1.72,27.86
478,476,Montreal Impact,Major League Soccer,1.05,1.91,27.76
479,493,Stabaek,Norwegian Tippeligaen,0.93,1.75,27.62
480,485,AC Horsens,Danish SAS-Ligaen,0.9,1.71,27.61
481,484,Lamia,Greek Super League,0.55,1.18,27.53
482,512,Oxford United,English League One,0.93,1.77,27.35
483,487,Niort,French Ligue 2,0.85,1.66,27.27
484,490,Chievo Verona,Italy Serie B,0.82,1.62,27.25
485,498,Haugesund,Norwegian Tippeligaen,0.96,1.82,27.18
486,510,Doncaster Rovers,English League One,0.91,1.76,27.15
487,502,Cittadella,Italy Serie B,0.88,1.71,27.07
488,514,Oita Trinita,Japanese J League,0.77,1.56,26.97
489,475,DC United,Major League Soccer,0.86,1.7,26.89
490,491,Guizhou Renhe,Chinese Super League,0.94,1.82,26.81
491,492,Western Sydney FC,Australian A-League,1.07,2.0,26.8
492,481,Dunkerque,French Ligue 2,0.83,1.65,26.78
493,504,FC Trenkwalder Admira,Austrian T-Mobile Bundesliga,1.0,1.9,26.78
494,483,Motherwell,Scottish Premiership,0.84,1.67,26.72
495,499,Orebro SK,Swedish Allsvenskan,0.92,1.79,26.67
496,495,Melbourne Victory,Australian A-League,1.07,2.01,26.6
497,488,Eintracht Braunschweig,German 2. Bundesliga,0.86,1.72,26.55
498,506,Östersunds FK,Swedish Allsvenskan,0.73,1.53,26.45
499,496,Western United,Australian A-League,1.02,1.96,26.35
500,508,Rodez,French Ligue 2,0.82,1.67,26.31
501,497,Brisbane Roar,Australian A-League,0.91,1.81,26.16
502,505,FC Xanthi,Greek Super League,0.58,1.33,25.81
503,509,Waasland-Beveren,Belgian Jupiler League,1.07,2.08,25.69
504,543,Sagan Tosu,Japanese J League,0.78,1.66,25.5
505,503,Mjallby,Swedish Allsvenskan,0.93,1.89,25.3
506,486,Consadole Sapporo,Japanese J League,0.92,1.87,25.29
507,494,Charlton Athletic,English League One,0.88,1.83,25.11
508,500,Lyngby,Danish SAS-Ligaen,0.82,1.75,25.05
509,507,Chateauroux,French Ligue 2,0.74,1.63,25.04
510,501,Salford City,English League Two,0.88,1.83,25.01
511,519,Chambly Thelle FC,French Ligue 2,0.76,1.67,24.96
512,520,Würzburger Kickers,German 2. Bundesliga,0.84,1.78,24.93
513,524,Wigan,English League One,0.89,1.89,24.59
514,523,Reggina,Italy Serie B,0.84,1.81,24.54
515,511,FC Cincinnati,Major League Soccer,0.77,1.7,24.53
516,516,Stromsgodset,Norwegian Tippeligaen,1.01,2.08,24.31
517,518,Black Aces,South African ABSA Premier League,0.81,1.78,24.28
518,521,Maritzburg Utd,South African ABSA Premier League,0.56,1.39,24.05
519,515,Salernitana,Italy Serie B,0.8,1.79,23.84
520,513,Cremonese,Italy Serie B,0.73,1.69,23.77
521,528,SK Brann,Norwegian Tippeligaen,0.81,1.82,23.68
522,527,Virtus Entella,Italy Serie B,0.74,1.71,23.6
523,517,Helsingborgs IF,Swedish Allsvenskan,0.85,1.89,23.52
524,533,Pordenone Calcio,Italy Serie B,0.74,1.73,23.34
525,530,Sarpsborg,Norwegian Tippeligaen,0.69,1.66,23.19
526,534,F.B.C Unione Venezia,Italy Serie B,0.72,1.72,23.06
527,526,Shimizu S-Pulse,Japanese J League,0.98,2.13,22.94
528,536,Pau,French Ligue 2,0.72,1.73,22.82
529,548,Gillingham,English League One,0.73,1.75,22.79
530,525,Portsmouth,English League One,0.7,1.7,22.77
531,522,Sacramento Republic FC,United Soccer League,0.8,1.87,22.71
532,550,Lincoln City,English League One,0.77,1.83,22.69
533,535,Dundee Utd,Scottish Premiership,0.77,1.82,22.66
534,529,Cosenza,Italy Serie B,0.74,1.77,22.63
535,538,New Mexico United,United Soccer League,0.84,1.95,22.57
536,542,Bloem Celtic,South African ABSA Premier League,0.8,1.9,22.37
537,547,Vegalta Sendai,Japanese J League,0.78,1.87,22.24
538,531,Fleetwood Town,English League One,0.75,1.83,22.04
539,554,Ascoli,Italy Serie B,0.79,1.9,21.99
540,545,Pisa,Italy Serie B,0.73,1.81,21.94
541,559,Swindon Town,English League One,0.84,1.98,21.93
542,546,Panionios,Greek Super League,0.51,1.45,21.84
543,537,US Pescara,Italy Serie B,0.69,1.76,21.83
544,552,Varbergs BoIS FC,Swedish Allsvenskan,0.82,1.99,21.37
545,551,Vancouver Whitecaps,Major League Soccer,0.86,2.07,21.29
546,549,Vicenza,Italy Serie B,0.74,1.88,21.23
547,553,Volos NFC,Greek Super League,0.65,1.73,21.22
548,566,San Diego Loyal SC,United Soccer League,0.7,1.82,21.09
549,539,Blackpool,English League One,0.7,1.82,21.04
550,540,Indy Eleven,United Soccer League,0.69,1.81,21.03
551,532,Austin Bold FC,United Soccer League,0.92,2.19,20.99
552,544,Birmingham Legion FC,United Soccer League,0.81,2.01,20.93
553,556,Hamilton Academical,Scottish Premiership,0.71,1.87,20.76
554,541,Orange County SC,United Soccer League,0.69,1.85,20.51
555,560,Charleston Battery,United Soccer League,0.72,1.91,20.35
556,568,Yokohama FC,Japanese J League,0.77,2.0,20.26
557,563,Reggiana,Italy Serie B,0.71,1.91,19.98
558,558,Burton Albion,English League One,0.85,2.14,19.97
559,555,St Johnstone,Scottish Premiership,0.57,1.69,19.87
560,557,El Paso Locomotive FC,United Soccer League,0.6,1.75,19.56
561,565,Kalmar FF,Swedish Allsvenskan,0.7,1.97,19.11
562,564,St Mirren,Scottish Premiership,0.57,1.75,19.09
563,572,Sandefjord,Norwegian Tippeligaen,0.65,1.89,19.02
564,567,Highlands Park FC,South African ABSA Premier League,0.57,1.75,18.95
565,561,Ross County,Scottish Premiership,0.67,1.95,18.63
566,562,Milton Keynes Dons,English League One,0.64,1.9,18.56
567,569,Saint Louis FC,United Soccer League,0.66,1.99,17.9
568,577,Miami FC,United Soccer League,0.81,2.26,17.9
569,586,North Carolina FC,United Soccer League,0.71,2.1,17.73
570,571,Falkenbergs FF,Swedish Allsvenskan,0.71,2.1,17.62
571,585,LA Galaxy II,United Soccer League,0.86,2.38,17.4
572,573,Shonan Bellmare,Japanese J League,0.6,1.92,17.39
573,574,Central Coast Mariners,Australian A-League,0.78,2.26,17.34
574,575,Shrewsbury Town,English League One,0.56,1.85,17.3
575,578,Golden Arrows,South African ABSA Premier League,0.43,1.63,17.14
576,570,Charlotte Independence,United Soccer League,0.7,2.14,16.94
577,580,Cheltenham Town,English League Two,0.56,1.89,16.93
578,576,Colchester United,English League Two,0.57,1.91,16.92
579,579,Plymouth Argyle,English League One,0.67,2.1,16.83
580,582,IK Start,Norwegian Tippeligaen,0.59,2.04,15.88
581,581,Accrington Stanley,English League One,0.62,2.11,15.64
582,587,Polokwane City FC,South African ABSA Premier League,0.47,1.84,15.52
583,583,Real Monarchs SLC,United Soccer League,0.6,2.11,15.38
584,592,AFC Wimbledon,English League One,0.59,2.1,15.12
585,588,Oldham Athletic,English League Two,0.67,2.27,15.04
586,593,Exeter City,English League Two,0.6,2.14,14.93
587,591,Aalesund,Norwegian Tippeligaen,0.8,2.54,14.7
588,584,Bolton,English League Two,0.56,2.1,14.54
589,589,Northampton Town,English League One,0.55,2.1,14.4
590,594,Mjondalen,Norwegian Tippeligaen,0.54,2.1,14.13
591,603,Tulsa Roughnecks,United Soccer League,0.58,2.19,14.1
592,604,Hartford Athletic,United Soccer League,0.71,2.46,13.97
593,609,Memphis 901 FC,United Soccer League,0.68,2.39,13.95
594,597,Chippa United,South African ABSA Premier League,0.26,1.54,13.92
595,590,Bristol Rovers,English League One,0.51,2.08,13.82
596,599,Portland Timbers 2,United Soccer League,0.84,2.72,13.62
597,606,Las Vegas Lights FC,United Soccer League,0.64,2.36,13.61
598,595,Rochdale,English League One,0.53,2.13,13.59
599,602,Bradford City,English League Two,0.49,2.07,13.58
600,598,AmaZulu,South African ABSA Premier League,0.31,1.68,13.48
601,596,Mansfield Town,English League Two,0.57,2.23,13.45
602,611,Crewe Alexandra,English League One,0.46,2.03,13.34
603,601,Leyton Orient,English League Two,0.55,2.22,13.23
604,605,Baroka FC,South African ABSA Premier League,0.24,1.57,12.84
605,607,Tacoma Defiance,United Soccer League,0.66,2.49,12.71
606,600,Port Vale,English League Two,0.41,1.99,12.6
607,614,Crawley Town,English League Two,0.47,2.15,12.43
608,610,Stellenbosch FC,South African ABSA Premier League,0.35,1.89,12.29
609,608,Colorado Springs Switchbacks FC,United Soccer League,0.51,2.26,12.01
610,613,Black Leopards,South African ABSA Premier League,0.39,2.03,11.75
611,621,Swope Park Rangers,United Soccer League,0.62,2.57,11.31
612,612,New York Red Bulls II,United Soccer League,0.7,2.79,10.89
613,616,Barrow,English League Two,0.43,2.24,10.7
614,615,Oklahoma City Energy FC,United Soccer League,0.4,2.18,10.65
615,618,Scunthorpe,English League Two,0.4,2.19,10.58
616,617,Forest Green Rovers,English League Two,0.35,2.12,10.37
617,622,Atlanta United 2,United Soccer League,0.58,2.64,10.2
618,619,Tranmere Rovers,English League Two,0.35,2.13,10.08
619,620,Southend United,English League Two,0.41,2.34,9.66
620,624,Walsall,English League Two,0.35,2.28,9.09
621,626,Grimsby Town,English League Two,0.35,2.29,9.0
622,625,Stevenage,English League Two,0.3,2.18,8.92
623,623,Cambridge United,English League Two,0.29,2.17,8.76
624,627,Rio Grande Valley FC Toros,United Soccer League,0.37,2.38,8.71
625,628,Morecambe,English League Two,0.37,2.42,8.33
626,630,Newport County,English League Two,0.2,2.11,7.52
627,629,Carlisle United,English League Two,0.25,2.31,7.18
628,631,Loudoun United FC,United Soccer League,0.34,2.65,6.51
629,632,Harrogate Town,English League Two,0.2,2.33,6.19
630,633,Bethlehem Steel FC,United Soccer League,0.39,3.02,5.4
